<?xml version="1.0"?>
<gconf>
        <entry name="applet_id_list" mtime="1157541187" type="list" ltype="string">
                <li type="string">
                        <stringvalue>mixer</stringvalue>
                </li>
                <li type="string">
                        <stringvalue>clock</stringvalue>
                </li>
                <li type="string">
                        <stringvalue>systray</stringvalue>
                </li>
                <li type="string">
                        <stringvalue>show_desktop_button</stringvalue>
                </li>
                <li type="string">
                        <stringvalue>window_list</stringvalue>
                </li>
                <li type="string">
                        <stringvalue>workspace_switcher</stringvalue>
                </li>
                <li type="string">
                        <stringvalue>trash_applet</stringvalue>
                </li>
        </entry>
        <entry name="toplevel_id_list" mtime="1157541187" type="list" ltype="string">
                <li type="string">
                        <stringvalue>top_panel</stringvalue>
                </li>
                <li type="string">
                        <stringvalue>bottom_panel</stringvalue>
                </li>
        </entry>
        <entry name="object_id_list" mtime="1157541187" type="list" ltype="string">
                <li type="string">
                        <stringvalue>menu_bar</stringvalue>
                </li>
                <li type="string">
                        <stringvalue>wordprocessor_launcher</stringvalue>
                </li>
                <li type="string">
                        <stringvalue>presentation_launcher</stringvalue>
                </li>
                <li type="string">
                        <stringvalue>spreadsheet_launcher</stringvalue>
                </li>
                <li type="string">
                        <stringvalue>object_0</stringvalue>
                </li>
                <li type="string">
                        <stringvalue>object_1</stringvalue>
                </li>
                <li type="string">
                        <stringvalue>object_3</stringvalue>
                </li>
                <li type="string">
                        <stringvalue>object_2</stringvalue>
                </li>
                <li type="string">
                        <stringvalue>object_5</stringvalue>
                </li>
        </entry>
</gconf>
