<?xml version="1.0"?>
<gconf>
        <entry name="menu_path" mtime="1157541179" schema="/schemas/apps/panel/objects/menu_path"/>
        <entry name="locked" mtime="1157541179" schema="/schemas/apps/panel/objects/locked"/>
        <entry name="position" mtime="1157541179" schema="/schemas/apps/panel/objects/position" type="int" value="309">
        </entry>
        <entry name="object_type" mtime="1157541179" schema="/schemas/apps/panel/objects/object_type" type="string">
                <stringvalue>launcher-object</stringvalue>
        </entry>
        <entry name="panel_right_stick" mtime="1157541179" schema="/schemas/apps/panel/objects/panel_right_stick" type="bool" value="false">
        </entry>
        <entry name="use_menu_path" mtime="1157541179" schema="/schemas/apps/panel/objects/use_menu_path"/>
        <entry name="launcher_location" mtime="1157541179" schema="/schemas/apps/panel/objects/launcher_location" type="string">
                <stringvalue>foo-00507c99ec.desktop</stringvalue>
        </entry>
        <entry name="custom_icon" mtime="1157541179" schema="/schemas/apps/panel/objects/custom_icon"/>
        <entry name="tooltip" mtime="1157541179" schema="/schemas/apps/panel/objects/tooltip"/>
        <entry name="action_type" mtime="1157541179" schema="/schemas/apps/panel/objects/action_type"/>
        <entry name="use_custom_icon" mtime="1157541179" schema="/schemas/apps/panel/objects/use_custom_icon"/>
        <entry name="attached_toplevel_id" mtime="1157541179" schema="/schemas/apps/panel/objects/attached_toplevel_id"/>
        <entry name="bonobo_iid" mtime="1157541179" schema="/schemas/apps/panel/objects/bonobo_iid"/>
        <entry name="toplevel_id" mtime="1157541179" schema="/schemas/apps/panel/objects/toplevel_id" type="string">
                <stringvalue>top_panel</stringvalue>
        </entry>
</gconf>
