<?xml version="1.0"?>
<gconf>
        <entry name="sources" mtime="1157541117" type="list" ltype="string">
                <li type="string">
                        <stringvalue>&lt;?xml version=&quot;1.0&quot;?&gt;
&lt;group uid=&quot;1157541117.10565.0@dhcp22.doi.ics.keio.ac.jp&quot; name=&quot;CalDAV&quot; base_uri=&quot;caldav://&quot; readonly=&quot;no&quot;/&gt;
</stringvalue>
                </li>
                <li type="string">
                        <stringvalue>&lt;?xml version=&quot;1.0&quot;?&gt;
&lt;group uid=&quot;1157541117.10565.1@dhcp22.doi.ics.keio.ac.jp&quot; name=&quot;On This Computer&quot; base_uri=&quot;file:///home/user/.evolution/calendar/local&quot; readonly=&quot;no&quot;&gt;&lt;source uid=&quot;1157541117.10565.2@dhcp22.doi.ics.keio.ac.jp&quot; name=&quot;Personal&quot; relative_uri=&quot;system&quot; color=&quot;becedd&quot;/&gt;&lt;/group&gt;
</stringvalue>
                </li>
                <li type="string">
                        <stringvalue>&lt;?xml version=&quot;1.0&quot;?&gt;
&lt;group uid=&quot;1157541117.10565.3@dhcp22.doi.ics.keio.ac.jp&quot; name=&quot;On The Web&quot; base_uri=&quot;webcal://&quot; readonly=&quot;no&quot;/&gt;
</stringvalue>
                </li>
                <li type="string">
                        <stringvalue>&lt;?xml version=&quot;1.0&quot;?&gt;
&lt;group uid=&quot;1157541117.10565.4@dhcp22.doi.ics.keio.ac.jp&quot; name=&quot;Contacts&quot; base_uri=&quot;contacts://&quot; readonly=&quot;no&quot;&gt;&lt;source uid=&quot;1157541117.10565.5@dhcp22.doi.ics.keio.ac.jp&quot; name=&quot;Birthdays &amp;amp; Anniversaries&quot; relative_uri=&quot;/&quot;/&gt;&lt;/group&gt;
</stringvalue>
                </li>
                <li type="string">
                        <stringvalue>&lt;?xml version=&quot;1.0&quot;?&gt;
&lt;group uid=&quot;1157541117.10565.6@dhcp22.doi.ics.keio.ac.jp&quot; name=&quot;Weather&quot; base_uri=&quot;weather://&quot; readonly=&quot;no&quot;/&gt;
</stringvalue>
                </li>
        </entry>
</gconf>
