<?xml version="1.0"?>
<metadata>
  <document uri="file:///usr/pc2/doc/team/PC2TeamGuide.pdf" atime="1162205480">
    <entry key="window_maximized" type="gboolean" value="0"/>
    <entry key="window_width" type="gint" value="600"/>
    <entry key="page" type="gint" value="0"/>
    <entry key="window_x" type="gint" value="0"/>
    <entry key="window_height" type="gint" value="600"/>
    <entry key="window_y" type="gint" value="26"/>
  </document>
  <document uri="last-used-value" atime="1162205480">
    <entry key="window_maximized" type="gboolean" value="0"/>
    <entry key="window_width" type="gint" value="600"/>
    <entry key="sidebar_visibility" type="gboolean" value="0"/>
    <entry key="page" type="gint" value="0"/>
    <entry key="window_x" type="gint" value="0"/>
    <entry key="window_height" type="gint" value="600"/>
    <entry key="window_y" type="gint" value="26"/>
  </document>
  <document uri="file:///home/user/hoge.ps" atime="1161949830">
    <entry key="window_maximized" type="gboolean" value="0"/>
    <entry key="window_width" type="gint" value="600"/>
    <entry key="window_x" type="gint" value="211"/>
    <entry key="window_height" type="gint" value="600"/>
    <entry key="window_y" type="gint" value="102"/>
  </document>
  <document uri="file:///home/user/hoge.pdf" atime="1161174941">
    <entry key="window_maximized" type="gboolean" value="0"/>
    <entry key="window_width" type="gint" value="1119"/>
    <entry key="sidebar_visibility" type="gboolean" value="0"/>
    <entry key="window_x" type="gint" value="0"/>
    <entry key="window_height" type="gint" value="892"/>
    <entry key="window_y" type="gint" value="25"/>
  </document>
</metadata>
