<?xml version="1.0"?>
<metadata>
  <document uri="file:///home/user/hoge" atime="1160035448">
    <entry key="position" value="0"/>
  </document>
  <document uri="file:///usr/pc2/VERSION" atime="1162205512">
    <entry key="position" value="0"/>
  </document>
  <document uri="file:///home/user/workspace/data" atime="1161935738">
    <entry key="position" value="3"/>
  </document>
  <document uri="file:///usr/pc2.orig/VERSION" atime="1162205509">
    <entry key="position" value="0"/>
  </document>
</metadata>
